id,math_level,student_prev,tutor_reply,student_next_TO_LABEL,label_A,label_B
comta_085_02,Calculus,yes,"Awesome! Now, L'Hospital's Rule comes into play when we encounter an indeterminate form, like \(0/0\) or \(\infty/\infty\). Do you understand what an indeterminate form is?",yes,ambiguous,ambiguous
comta_089_10,Calculus,how can I determine the interval where x is increasing for x^6e^-x,"Excellent question! To identify where a function is increasing, we first need to calculate its derivative. Do you recall the product rule for differentiation?",yes the derivative I calculated was e^-x(6x^5)+x^6(-e^-x),productive,productive
comta_101_02,Calculus,yes,"Fantastic! Now, let's utilize the Comparison Test. We need to juxtapose our series with a known one. Can you suggest a series that we can use for comparison?",p-series,productive,productive
comta_157_12,Trigonometry,px=9240=540(v final)cos 22,"That's correct! Now we have two equations:

1. \(540 \cdot v_{final} \cdot \sin(22) = 120 \cdot v\)
2. \(540 \cdot v_{final} \cdot \cos(22) = 9240\)

We can solve these two equations to find the values of \(v\) (the initial speed of the deer) and \(v_{final}\) (the final speed of the vehicle and deer together). 

Do you know how to solve these equations?","No, do we set them equal to one another? if so why are they equal?",productive,productive
comta_070_02,Elementary,no,"No worries! The equation for the circumference of a circle is \(C = 2\pi r\), where \(r\) represents the circle's radius. Can you try to apply this equation to find the circumference of the circle with a radius of 6?",yes,ambiguous,ambiguous
comta_042_08,Algebra,what does STP mean,"STP is an abbreviation for Standard Temperature and Pressure. It's a common reference point in gas law questions. 

Do you know the values for temperature and pressure at STP?",no,dependency,dependency
comta_077_02,Trigonometry,determine the y-component of this vector:  47.3 m and 39.4*,"Okay! We're working with a vector here. It has a magnitude (47.3 m) and an angle (39.4 degrees). To find the y-component, we'll need to apply some trigonometry. Are you familiar with the sine function and its relation to a right triangle?",no,dependency,dependency
comta_097_02,Geometry,"It's .5h(b1+b2), right?","Correct! Now, we can apply this formula to find the height. Let's formulate the equation with the given values: 56.3 = 0.5 * h * (11.9 + 4.9). 

What should we do next to solve for h?","So, 56.3 equals .5h times 16.8?",productive,productive
comta_067_02,Elementary,9,"Absolutely right! You now possess 9 oranges. Well done!

Let's proceed to the next exercise:

Exercise 2: You have 10 chocolates and you consume 3. How many chocolates are left with you?",can we use symbols like + - and = instead please,productive,ambiguous
comta_125_02,Trigonometry,yes,"Excellent! Now, let's delve into these identities. 

Let's begin with the identity for the sine of a sum of two angles, \(\sin(A + B)\). Can you recall the formula for this identity?",no,dependency,dependency
comta_125_18,Trigonometry,"yes, pi/6 + 5pi/4","Excellent! You've simplified the angles to \(\pi/6\) and \(5\pi/4\). 

Now, we can use the sine addition formula, \(\sin(A + B) = \sin(A)\cos(B) + \cos(A)\sin(B)\), to find the value of \(\sin(17\pi/12)\).

Can you substitute \(\pi/6\) for \(A\) and \(5\pi/4\) for \(B\) in the sine addition formula?",sin(pi/6)cos(5pi/4) + cos(pi/6)sin(5pi/4),productive,productive
comta_150_02,Geometry,Rectangle,"Excellent! To determine the area of a rectangle, we require two things: the length and the width. Are you aware of how these two dimensions relate to the area of a rectangle?",7 meters by 3/4 meters,productive,productive
comta_001_12,Elementary,9/10,Outstanding! \(\frac{7}{10} + \frac{2}{10} = \frac{9}{10}\). You're really acing this! Ready for the next one? What's \(\frac{1}{3} + \frac{2}{3}\)?,1,productive,productive
comta_143_00,Algebra,CAN YOU ASSIST ME WITH FACTORIZATION?,"Definitely! Factoring is essentially decomposing numbers into their components. For instance, 2 and 3 are factors of 6, because 2 multiplied by 3 gives 6. 

Let's put this into practice. Can you factorize the number 12?",YES,ambiguous,ambiguous
comta_060_10,Elementary,"8,17","Excellent! Now that we've identified the numerators (-5 and -12) and the denominators (8 and 17), we can proceed to the next step.

Step 2: Multiply the numerators together. 

Can you multiply -5 and -12 together?",60,productive,productive
comta_012_06,Geometry,V=pi x radius ^2 x height,"Indeed, you're correct! The volume of a cylinder is determined by multiplying the area of the base (which is a circle) by the height. So, if we input our values, we get \(V = \pi \times (2^2) \times 5\). What does that simplify to?",62.8 units^3,productive,productive
comta_046_00,Geometry,"Four-sided figure ABCD is a rhombus, with diagonals measuring 24 and 18. Can you tell me the perimeter of the rhombus?","Sure, a rhombus is an interesting shape, isn't it? Now, keep in mind that the diagonals of a rhombus create four right-angled triangles. How would you use this fact to determine the length of a side of the rhombus?",I don't know,dependency,dependency
comta_167_00,Trigonometry,"Two trolleys are linked by a rope that goes over a small, frictionless pulley. Each trolley moves freely with insignificant friction. Determine the acceleration of the trolleys and the tension in the rope. The pulley is at the peak point, the first trolley has a mass of 10kg and is moving uphill at an angle of 37 degrees. The second trolley has a mass of 15kg and is moving downhill at 53 degrees.","Ah, a problem in physics! Let's dissect it. What do you think are the key details here?",the force of the weight of the trolleys can be calculated by multiplying their mass by gravity,productive,productive
comta_085_00,Calculus,Can you explain L'Hospitals rule to me?,"Sure, L'Hospital's Rule! It's a useful method for dealing with complex limits. Let's start from the beginning. Are you familiar with what a limit is?",yes,ambiguous,ambiguous
comta_028_02,Algebra,"A crimson vehicle departed from a car hire depot. Thirty minutes later, a sapphire vehicle left the same location. How far from the depot did the sapphire vehicle overtake the crimson vehicle if the crimson vehicle was moving at 40 miles per hour and the sapphire vehicle was moving at 50 miles per hour?",Excellent! Let's dissect this. What data do you think is pertinent to resolve this issue?,"d = ?
time-of-crimson-vehicle = t
time-of-sapphire-vehicle = t-30
s-crimson-vehicle = 40
s-sapphire-vehicle = 50",productive,productive
comta_185_16,Algebra,-2,"That's right! So, the function is undefined at \(x = 3\) and \(x = -2\). Now, can you use this information to write the intervals of continuity in interval notation?",how do I start,dependency,dependency
comta_152_00,Geometry,A farmer plans to enclose a rectangular plot of 17800 square feet in a pasture and then bisect the area with a fence running parallel to one side. What is the minimum amount of fencing that will be needed to accomplish this?,"Interesting problem! Let's work through it together. 

First, let's visualize the shape of the plot. It's a rectangle, correct? And it's split in half by a fence. Can you sketch it out?",Yes,ambiguous,ambiguous
comta_065_04,Elementary,subtract,"Correct! So, if we subtract \(\frac{2}{5}\) from both sides, what is the result?",24.6,productive,productive
comta_078_00,Trigonometry,"how can I determine C and B if f(x)=tan(b(x-c)) has asymptotes at 0,2pi,4pi","Ah, a question on trigonometry! Let's dissect it. 

Firstly, do you recall what an asymptote signifies in the context of a function?",yes,ambiguous,ambiguous
comta_095_00,Elementary,(4h-20)/3 = 3h/(-15),"I see, it's an equation! Let's work through it together. What's the initial step you believe we should take to solve this equation?",cross multiply,productive,productive
comta_030_00,Geometry,"I need help with a problem involving trigonometric ratios. ""A kayak is nearing a beacon on the shore of a river. The tip of the kayak is 1.5 feet above the water and a watcher in the beacon is 112 feet above the water. At 5:00, the watcher in the beacon noted the angle of depression to the tip of the kayak to be 6 degrees. Five minutes later, the watcher noted that the angle of depression to the tip of the kayak had increased by 49 degrees. Calculate and state, to the nearest foot per minute, the average velocity at which the kayak moved toward the beacon.""","Hello, mariner! Let's tackle this problem together. What details do you think are important from this problem?","the height of the kayak (1.5 feet), the height from the ground to the watcher (112 feet), an initial angle of depression at 6 degrees, a second angle of depression of 55 (49+6) degrees.",productive,productive
comta_096_14,Algebra,That would be 9,"That's right! Now, let's incorporate this into our equation. We get \(x^2 + 6x + 9 = 1\). Can you rewrite this as a perfect square?",I'm not sure how to do that,dependency,productive
comta_179_16,Elementary,"Oops, I entered the wrong number",No worries! Mistakes are part of the process. Let's try again. We have the equation \(5x - 7 = 18\). What operation could we apply to isolate the term with \(x\)?,3.6,productive,productive
comta_153_06,Elementary,10,"Not exactly. Remember, we're performing multiplication, not addition. So, it would be 5 times x and 5 times \(\frac{2}{5}\). Could you give it another shot?",2,productive,productive
comta_069_00,Elementary,hello,Hi there! How can I help you with your studies today? Are we focusing on math or delving into science?,math grade 4 i need help,dependency,ambiguous
comta_042_02,Algebra,no,"No worries! The combined gas law is represented as \(P_1V_1/T_1 = P_2V_2/T_2\). 

Can you identify what each of these variables stands for?",no,dependency,dependency
comta_029_04,Algebra,1/25,Precisely! You're really understanding this. Let's try another one. Can you tell me what \(3^{-3}\) equals to?,1/27,productive,productive
comta_129_00,Geometry,"Could you assist me with this problem: In right triangle $ABC$, we have $\angle B = \angle C$ and $AC = 6\sqrt{2}$. What is the area of $\triangle ABC$?","Sure, a right triangle problem! Let's begin by dissecting the problem. What do you believe are the key details here?",The hypotenuse of the triangle is  \(6\sqrt{2}\),productive,productive
comta_064_02,Geometry,Samantha is jogging on a round track with a radius of 20 feet. Can you help me find the angle of rotation in radian measure if she jogs 635 feet along the track?,"Excellent! Now, let's consider this. The circumference of a circle is determined by \(2\pi r\), where \(r\) is the radius. Can you determine the circumference of the track?",125.66,productive,productive
comta_080_08,Trigonometry,no,"That's alright! When we have an equation like \(\tan(\theta - 30^\circ) = -5\), we can use the inverse tangent function, also known as arctan or tan^-1, to find the angle whose tangent is -5. 

Do you know how to use the inverse tangent function on your calculator?",yes,ambiguous,ambiguous
comta_015_00,Calculus,derivatives of log functions,"Ah, derivatives of log functions! An interesting topic indeed! Now, do you have a specific question you're dealing with, or would you like me to create a practice question for you?",I don't know how to begin with them,dependency,dependency
comta_127_00,Trigonometry,"If 2tanx-9root3=11tanx, then tanx=-root3, the reference angle would be 1.047, and it would fall in the 2nd and 4th quadrants. The 2nd quadrant angle is 2.095, and the 4th quadrant angle is 5.236.","Alright, let's examine this. You have the equation \(2\tan(x) - 9\sqrt{3} = 11\tan(x)\). You've manipulated it to get \(\tan(x) = -\sqrt{3}\). 

Now, considering the unit circle, where does the tangent function equal \(-\sqrt{3}\)?",The reference angle would be 1.047 in this case.,productive,productive
comta_072_12,Geometry,That's not what we're studying.,"I apologize if I misunderstood. Let's backtrack a bit. When you mentioned arcs and angles, what kind of problems are you working on? Are you calculating measures of arcs or angles, or something else? Could you provide an example problem from your studies? This will help me assist you better.",We're learning about major and minor arcs and how they relate to angles.,productive,productive
comta_113_06,Algebra,y = -1/2x +2,"That's spot on! Now you have both equations in slope-intercept form: \(y = -\frac{3}{2}x - 2\) and \(y = -\frac{1}{2}x + 2\). 

To plot these, you'll start at the y-intercept (b) and use the slope (m) to find other points. Can you try plotting these two lines now?",yes,ambiguous,ambiguous
comta_006_28,Algebra,19,"Hmm, let's double-check that. Remember, to find the dot product, we multiply the corresponding elements in the two lists and then add those products together. 

So, for the first row of matrix C ([2, 3]) and the first column of matrix D ([6, 8]), we should do (2*6) + (3*8). 

Can you try calculating that again?",36,productive,productive
comta_166_00,Calculus,Sigma notation for Taylor series of sin(6x) with center at c=pi,"Ah, the Taylor series! An excellent method for approximating functions. Let's begin by revisiting the general form of a Taylor series. Can you recall it?",no,dependency,dependency
comta_032_00,Geometry,"I'm trying to determine the complement and supplement of angle A, where the measure of angle A= 90 - x",Excellent! Let's begin with the fundamentals. Are you familiar with what a complement and a supplement of an angle are?,yes,ambiguous,ambiguous
comta_085_16,Calculus,2x-10/2x+1,"That's right! Now, let's determine the limit of the new function \(f'(x) = (2x-10)/(2x+1)\) as \(x\) approaches 1. What do you get?",-8/3,productive,productive
comta_025_02,Algebra,40 and 3,"Hmm, that's not correct. Remember, we need two numbers that sum up to -7 and multiply to -120. Let's give it another shot. Can you think of another pair of numbers that satisfy these criteria?","no, i can't",dependency,dependency
comta_118_00,Elementary,"What number is 84, 60% of?","Excellent! Let's dissect this. What is the question implying when it states ""What number is 84, 60% of""?","It implies that we are searching for the total, not the fraction or the percentage.",productive,productive
comta_119_06,Elementary,1/5,"Right on! That's correct. \( \frac{4}{5} - \frac{3}{5} = \frac{1}{5} \)

Are you ready for the next one? 

3. Add \( \frac{3}{8} \) and \( \frac{5}{8} \).

Just like before, add the numerators since the denominators are the same. Give it a try!",8/8 or a whole,productive,productive
comta_187_00,Elementary,5 (x-2) = 35,"Great, an equation to solve! Let's get started. What's the first step you think we should take to solve this equation?",The brackets sorry i don't know how to spell this (),productive,productive
comta_126_00,Elementary,"Given a pressure of 3.2*10^9 pascals exerted on a circular surface with a diameter of 1.25mm, can you assist me in determining the force required to generate this pressure?",Absolutely! Let's first break down the problem. What do you think is the key information here?,"All the given details are important. We need to calculate the area of the circle, then multiply it by the pressure to determine the force",productive,productive
comta_120_00,Calculus,Taylor polynomial of the fourth degree for cos(3x),"Taylor polynomials are quite fascinating, aren't they? They're like a magic trick for functions. To determine the fourth degree Taylor polynomial for \(cos(3x)\), we need to calculate the derivatives of \(cos(3x)\). Do you recall how to do that?",yes,ambiguous,ambiguous
comta_177_08,Trigonometry,Is it 1-(√5/2)^2 which is 1- 5/4?,"Yes, you're on the right path! So, \(1-\tan^2(\theta)\) simplifies to \(1-\frac{5}{4}\). Can you simplify this further?",I'm not sure how to do that.,dependency,productive
comta_171_10,Trigonometry,cos^2 theta,"Exactly! You've nailed it! The equation simplifies to \(cos^2 \theta\). Fantastic job! Do you have any other queries on this subject, or is there something else you'd like to discuss?",1-sin^2x/csc^2x-1,productive,productive
comta_049_04,Elementary,5,Brilliant! You've nailed it! You divided 20 apples by 4 friends and determined that each friend receives 5 apples. That's division at work! Ready for another challenge?,yes,ambiguous,ambiguous
comta_089_02,Calculus,e^x,"That's right! Now, let's utilize the chain rule. Are you familiar with the chain rule?",yes,ambiguous,ambiguous
comta_133_12,Calculus,(2x^2-2x) - (2x^2 +2x) / (x^2 -1)^2,"Hmm, it seems there's a minor error in your calculation. When you distribute \(2x\) in both terms, you should get \(2x^3\) not \(2x^2\). 

Let's try again. Can you distribute \(2x\) in both terms and then combine like terms?",(2x^3-2x) - (2x^3 +2x) / (x^2 -1)^2,productive,productive
comta_003_00,Elementary,Can you assist me in solving 2 1/10 divided by 1/10?,"Absolutely! Let's work on this together. First off, could you convert 2 1/10 into an improper fraction for me?",It's 21/10,productive,productive
comta_013_00,Calculus,"Imagine a 13 m long ladder is propped against a wall. If the base of the ladder is being moved away at a speed of 2 m per minute, how quickly in meters per minute is the top of the ladder sliding down when the base of the ladder is 5 m from the wall?","Ah, this is a problem involving related rates! Let's solve it step by step. 

First, can you identify the key information from the problem?","the ladder's length is 13 m, the speed at which the ladder's base is moving away, and the distance of the ladder's base from the wall is 5 m",productive,productive
comta_134_16,Trigonometry,OH WE'RE DOING ALL OF THE EQUATION. so is it cot(theta)(csc(theta)-2)?,"Yes, that's correct! Well done! 

So now we have \(0 = cot(\theta)(csc(\theta) - 2)\). 

What can we do next to solve for \(\theta\)?",i don't know,dependency,dependency
comta_015_18,Calculus,1/ln(b) times 1/x,"Bingo! You've got it! So, the derivative of \(log_b(x)\) is \(\frac{1}{xln(b)}\). Great job! Now, would you like to try a practice question involving the derivative of a log function?",yes,ambiguous,ambiguous
comta_141_08,Trigonometry,does it compress it?,"Yes, absolutely! The coefficient of \(x\) in the sine function either compresses or expands the graph horizontally. If the coefficient is greater than 1, like our 2, it compresses the graph. 

So, if the standard period of the sine function is \(2\pi\), how would a coefficient of 2 modify it?",halve it?,productive,productive
comta_110_08,Geometry,yes,"Fantastic! Let's take a right triangle where one side measures 3 units, the other side measures 4 units, and we want to determine the length of the hypotenuse. 

Using the Pythagorean theorem, how would you formulate the equation to solve for the length of the hypotenuse?",3 squared + 4 squared = c squared,productive,productive
comta_050_02,Elementary,no,"No problem! Here are some methods. The slope of a line can be found by:

1. Rise over run
2. Change in y over change in x
3. \( \frac{y_2 - y_1}{x_2 - x_1} \)

Do any of these ring a bell?",rise over run,productive,productive
comta_036_00,Elementary,Can you explain what area is?,"Certainly, area refers to the amount of space inside a shape. For instance, if you were to fill in a square, the filled portion represents the area. Is that clearer?",I'm still confused,dependency,dependency
comta_104_22,Trigonometry,4sec^2(4x),"Spot on! The derivative of \(y = \tan(4x)\) is indeed \(y' = 4\sec^2(4x)\). You're doing an outstanding job! Let's proceed to the final problem.

Problem 10: Compute the derivative of \(y = \sec(5x)\).

What's your strategy for this one?",5sec(5x)tan(5x),productive,productive
comta_181_00,Algebra,Given the functions f(x)= x^2-4 and g(x)=∛x-1. Can you tell me what (f-g)(x) and (f*g)(x) would be?,"Sure, let's work this out step by step! 

First, let's find \((f-g)(x)\). This means we subtract \(g(x)\) from \(f(x)\). Can you try to write down what \((f-g)(x)\) would be?",(x^2-4-∛x-1)(x),productive,productive
comta_093_00,Trigonometry,how can I validate identities for trigonometric equations,"Ah, the world of trigonometric identities! It's like solving a puzzle, right? Let's begin with a simple one. Are you familiar with the Pythagorean identity: \(\sin^2(x) + \cos^2(x) = 1\)?",yes,ambiguous,ambiguous
comta_058_02,Elementary,8,"Excellent! So, if we divide both the numerator (8) and the denominator (24) by 8, what is the result?",1/3,productive,productive
comta_173_00,Elementary,"Hello there, Khanmigo! Could we discuss some equations related to economics?",Of course! Economics is filled with fascinating equations. Let's begin with an easy one. Are you familiar with how to compute the total cost given the fixed costs and the variable costs?,"That might come in handy at some point. Currently, I'm trying to solve a Y=mx+B equation that looks like this: Y=20+1/2x",productive,productive
comta_171_06,Trigonometry,I ended up with 1-sin^2theta,"That's right! Good job! You've just simplified the equation to \(1 - sin^2 \theta\). Now, does this equation remind you of any trigonometric identity?",not sure,dependency,dependency
comta_069_02,Elementary,math grade 4 i need help,Excellent! I'm ready to help. What's your 4th-grade math query?,Mr. Johnson ran 1 1/10 and Ms. Davis ran 10/8 who ran more,productive,ambiguous
comta_102_06,Algebra,no,"Completing the square is a technique used to simplify a quadratic equation. Here's the process:

1. We take the coefficient of the linear term (in this case, -6 from -6k), divide it by 2, and square the result. 
2. We add this number to both sides of the equation.

Can you try to apply these steps to our equation \(\left(k\right)^{2}\) -6k = 7?",can you show this in a problem,dependency,dependency
comta_078_02,Trigonometry,yes,"Fantastic! Now, let's consider the function \(f(x) = \tan(b(x - c))\). The tangent function has asymptotes at \(x = \frac{\pi}{2} + n\pi\), where \(n\) is an integer. 

Can you tell me what happens to these asymptotes when we apply the transformation \(b(x - c)\) to the function?",idk,dependency,dependency
comta_007_00,Algebra,"I'm 30 years old and have taken a break from education for some time. Now, I've decided to return and pursue a degree in computer science. However, I'm concerned that my math skills are equivalent to a 9th grader's. Before I delve into computer science, I want to enhance my math skills to a college level. Can you help me determine my current math level?","Welcome back to the educational journey! It's never too late to refine your abilities. At Khan Academy, we utilize a system known as ""Mastery Learning"". This system aids in identifying your present level in a subject and provides guidance for improvement.

Here's how it functions:

- **Not Started**: You haven't yet started working on this skill.
- **Attempted**: You answered less than 70% of the questions correctly in an exercise.
- **Familiar**: You completed an exercise with 70%-99% of the questions answered correctly.
- **Proficient**: You completed an exercise with 100% of the questions answered correctly.
- **Mastered**: You consistently answer questions on this skill correctly.

By completing exercises and assessments, you can progress through these levels. It's an excellent method to understand your current standing and the areas you need to work on.

Let's begin! Would you like to start with a basic math problem to assess your current level?",Yes,ambiguous,ambiguous
comta_092_12,Calculus,v=425x-(x^3 /4),"Great! Now, to find the maximum volume, we need to find the maximum of this function. Do you remember how to find the maximum of a function?",no,dependency,dependency
comta_122_08,Elementary,"m=3/2,b=-3","That's right! You rearranged the equation to \(y = \frac{3}{2}x - 3\) and correctly identified the slope \(m\) as \(\frac{3}{2}\) and the y-intercept \(b\) as -3. Excellent work!

Let's continue with a new problem:

5. Determine the slope and y-intercept of the line represented by the equation \(5x + 3y = 15\).

Can you rearrange this equation into the form \(y = mx + b\)?","m=-5/3,b=5",productive,productive
comta_015_04,Calculus,1/x,"Great! That's correct! Now, let's think about a log with a different base, say \(log_b(x)\). Do you know how to rewrite this in terms of natural logs?",no,dependency,dependency
comta_031_02,Geometry,"Firstly, I need to determine the distance between point X and Z. That would be the square root of 164, which is roughly 12.8","Excellent beginning! You've calculated the total length of line segment XZ. Now, how can we use this information to determine the coordinates of point Y? Keep in mind, XY is 3 times as long as YZ.",I would divide 12.8 by 3 total parts.,productive,productive
comta_142_02,Trigonometry,1 = 1,"Indeed, the equation \(1 = 1\) is true, but we need to demonstrate how the left side of our original equation, \(\sin^2(x) + \cos^2(x)\), simplifies to 1. How can we do that?","well in my class we just use the established rule that sin^2(x) + cos^2(x) = 1. that means we can transform the left side into 1. i already know all the formulas, i want to try applying them. can you give me a hard problem?",productive,productive
comta_033_12,Calculus,I believe I understand,"Great! Now, let's proceed to the particular solution. We have a right-hand side of \(3e^t + 6t\). What form should our particular solution take?",Should it be A+Bt?,productive,productive
comta_079_04,Elementary,multipcation,"Correct! We should begin with multiplication. Now, can you distribute 2.7 to both terms inside the parentheses (8 and -x)?",I don’t understand,dependency,dependency
comta_080_00,Trigonometry,how can I type a degree symbol,"Oh, you're looking to input a degree symbol! In the realm of mathematics, it's frequently used to denote angles or temperature. Are you familiar with the keyboard shortcut for typing a degree symbol?",no,dependency,dependency
comta_004_04,Elementary,975,"Superb! You're doing an amazing job. Let's continue.

Exercise 3: What is the total of 234 and 567?

Don't forget, we add column by column, starting from the right. What's your solution this time?",801,productive,productive
comta_125_00,Trigonometry,I'm having trouble grasping the concept of sum and differences in trigonometry.,"Trigonometry can be quite intriguing! Let's dissect it together. 

When you mention ""sum and differences of trigonometry,"" are you referring to the identities that assist us in simplifying expressions that involve the sum or difference of two angles? For instance, the identity for the sine of a sum of two angles, \(\sin(A + B)\), or the cosine of a difference of two angles, \(\cos(A - B)\)?",yes,ambiguous,ambiguous
comta_072_02,Geometry,"We haven't covered circumference yet. Right now, we're focusing on arcs and angles.","Ah, arcs and angles! That's an interesting part of studying circles. Would you like me to create a practice problem related to arcs and angles in circles for us to work on together?",yes,ambiguous,ambiguous
comta_035_04,Elementary,What are the weights of C and O?,"The atomic weight of Carbon (C) is roughly 12.01 g/mol and for Oxygen (O), it's around 16.00 g/mol. 

Now, can you calculate the number of moles for \(C_3H_8\) and \(O_2\) using their weights and molar masses?",approximately 44.09 and 32 moles,productive,productive
comta_016_14,Elementary,"If the interior angles of a hexagon are 86, 105, 142,140, 124 and x, can you verify my calculation that x = 121 degrees?","You're on the right path! The sum of the interior angles of a hexagon should be \((6-2) \times 180 = 720\) degrees. You've provided five angles. If we sum those up, what do we get?",should be 123 degrees,productive,productive
comta_008_00,Algebra,This is for my assignment: I can't remember how to solve (x+2)/(x-3) <= 0,"Ah, an inequality involving a polynomial! Let's dissect it. What's the initial step you believe we should undertake to resolve this inequality?",should I multiply both sides by x-3?,productive,productive
comta_080_18,Trigonometry,-48.69º,"Correct! So, \(\theta = -48.69^\circ\). 

Remember, a negative angle means we're measuring clockwise from the positive x-axis. 

Does this answer make sense in the context of your problem?",no,ambiguous,ambiguous
comta_048_06,Geometry,s multiplied by s multiplied by s,"Exactly! The volume of a cube is indeed \(s \times s \times s\), or we can also express it as \(s^3\). Good job! Would you like to try calculating the volume of a cube with a specific side length?",okay,ambiguous,ambiguous
comta_068_06,Elementary,3/14,"You've hit the mark! \( \frac{6}{28} \) simplifies to \( \frac{3}{14} \). Excellent work!

Are you ready for the next one? Here it is:

3. Multiply \( \frac{5}{6} \) by \( \frac{3}{4} \).

Give it a go!",15/24,productive,productive
comta_077_00,Trigonometry,I need assistance with this problem,Sure thing! Could you please provide me with the problem?,determine the y-component of this vector:  47.3 m and 39.4*,productive,ambiguous
comta_164_20,Elementary,1x?,"That's correct! We're left with \(x\). Now, what about the other side of the inequality? What is \(3 * 3\)?",9!,productive,productive
comta_064_00,Geometry,Samantha is jogging on a round track with a radius of 20 feet. Can you help me find the angle of rotation and radian measure if she jogs 635 feet along the track?,"Sure, let's solve this step by step! First, do you recall how to find the circumference of a circle?",Samantha is jogging on a round track with a radius of 20 feet. Can you help me find the angle of rotation in radian measure if she jogs 635 feet along the track?,dependency,dependency
comta_018_00,Algebra,how can I factorize 2x^2 - x - 6 using the x-factor technique?,"Excellent! You're factoring \(2x^2 - x - 6\). Let's begin by understanding the x-factor technique. 

Are you familiar with the x-factor technique and how it operates?",no,dependency,dependency
comta_128_06,Calculus,"I prefer not to simplify it further, I'm preparing for an exam and my professor has instructed me to leave it in that form","Alright, we'll leave it as \(\frac{3t^2}{6t-6}\). 

Now, the tangent line is horizontal when \(\frac{dy}{dx} = 0\), and it's vertical when \(\frac{dy}{dx}\) is undefined. 

Can you determine the values of \(t\) for which \(\frac{dy}{dx} = 0\) and \(\frac{dy}{dx}\) is undefined?",I'm not sure how to proceed,dependency,dependency
comta_165_02,Geometry,1/3*(b*l)*h,"Good job! But let's make it a bit clearer. The equation for the volume of a pyramid is \(\frac{1}{3} \times \text{base area} \times \text{height}\). The base area is calculated by multiplying the length and width if the base is a rectangle or square. If the base is a triangle, you'd use the equation for the area of a triangle. Is that clear?",yes,ambiguous,ambiguous
comta_187_22,Elementary,-10?,"Yes, you got it! So, if we put those together, our equation becomes \(5x - 10 = 35\). Now, what's the next step to solve for \(x\)?",+10,productive,productive
comta_121_10,Calculus,i only needed to find the smallest value for the question,"Oh, I understand! My apologies for the misunderstanding. The x-coordinate of the vertex gives us the x-value where the smallest value occurs, but to find the actual smallest value of the function, we need to substitute \(x = 1/2\) back into the function. Can you try that?",so is the actual minimum -1/4?,productive,productive
comta_156_06,Trigonometry,b = 6,"Fantastic! You've accurately calculated the length on the ground to be 6 feet. Now, we can use this data to determine the angle between the ladder and the ground. Which trigonometric function should we apply?",cosine,productive,productive
comta_072_04,Geometry,yes,"Great! Here's a problem for us to solve:

A circle has an arc of 60 degrees. If the radius of the circle is 10 units, what is the length of the arc?

Remember, the formula for the length of an arc is \( \text{Arc Length} = \frac{\text{Arc Measure}}{360} \times \text{Circumference} \), and the circumference of a circle is \( 2\pi r \). 

Let's start with the first step. Can you calculate the circumference of the circle?",I haven't learned that yet. I don't know how to do that.,productive,productive
comta_042_06,Algebra,"P is pressure, V is volume, and T is temperature","Correct! Now, can you match the given values in the question to these variables? Remember, the ""1"" variables are the initial conditions and the ""2"" variables are the conditions we want to find or are given.",what does STP mean,productive,productive
comta_166_08,Calculus,-36sin(6x,"Correct! The second derivative of \(\sin(6x)\) is \(-36\sin(6x)\). Now, let's calculate the third derivative. Can you attempt to find it?",-216cos(6x,productive,productive
comta_136_04,Calculus,"Would it be a1 x b1, a2 x b2?","You're close! You're correct that we multiply the corresponding components. But then, what should we do with the results of those multiplications?",I'm not sure,dependency,dependency
comta_025_04,Algebra,"no, i can't",No problem! Let's try a different strategy. What if we list out the factors of -120 and see which pair sums up to -7?,1 2 3 4 5 6 10 12 60 120,productive,productive
comta_056_00,Elementary,Can you tell me what 75 times 72 is?,"Multiplication can sometimes be a bit challenging, don't you think? Let's simplify it. What if we start by multiplying 70 by 70? What's the result?",4900,productive,productive
comta_080_06,Trigonometry,yes,"Excellent! Now, let's ponder how we can apply that understanding to solve this problem. 

We know that \(\tan(\theta - 30^\circ) = -5\). 

If we want to find \(\theta\), we might first isolate \(\theta - 30^\circ\). 

Do you know how we can achieve that?",no,dependency,dependency
comta_179_28,Elementary,the solution is 3,"That's correct! If we subtract 3 from both sides of the equation \(2x + 3 = 9\), we get \(2x = 6\). Then, if we divide both sides by 2, we indeed get \(x = 3\). Great job! Ready for the next problem?",yes,ambiguous,ambiguous
comta_046_04,Geometry,base times height divided by 2,"That's the formula for calculating the area of a triangle. But in this case, we need a formula that connects the sides of a right-angled triangle. It's named after a well-known Greek mathematician. Can you guess who?",The Pythagorean theorem,productive,productive
comta_144_04,Elementary,"So, it would be 13 * 180, correct?","Absolutely! Now, what is the product of \(13 \times 180\)?",The product is 2340.,productive,productive
comta_114_02,Algebra,I ended up with 10x-10y=-80,"Excellent! You're making progress. Now, can you simplify that equation further? What do you get if you divide each term by 10?",I got x = y-8 and then I substituted this back into the equations with x^2+y^2+2x-4y=20 and after simplifying that I got 2y^2-18y+44 = 0 and I'm not sure if this is right.,productive,productive
comta_116_06,Elementary,We could subtract 11 from both sides of the equation,"Absolutely correct! Now, if we subtract \(11\) from both sides, what does the equation transform into?",3a=2-11,productive,productive
comta_002_00,Elementary,What's the product of 50000 and 50000 in primate arithmetic?,"I'm sorry, but I'm not familiar with the term ""primate arithmetic"". Could you clarify what you're referring to?",I need 10 practice problems!,ambiguous,dependency
comta_149_06,Elementary,show me,"I see you're keen to proceed! But remember, it's crucial to attempt it yourself first. 

Let's break it down. Can you multiply 76 by 43?",show me,dependency,dependency
comta_159_00,Calculus,integrate sin(x)cos(x) dx,"Ah, a problem involving integration! Let's tackle it together. 

Firstly, can you recall the double angle formula for sine?",I've already started on the problem. I multiplied the numerator and denominator by sin(x)cos(x) to get int (sin^2(x)cos^2(x))/sin(x)cos(x) so that I could replace sin^2(x) with 1/2 - 1/2cos(2x) and cos^2(x) with 1/2 + 1/2cos(2x),productive,productive
comta_083_02,Calculus,I'm not certain,"No problem! Let's consider this. The function within the integral, \( \frac{t}{1+t^{9}} \), resembles a geometric series. Are you aware of the formula for the sum of a geometric series?",a/1-r,productive,productive
comta_052_00,Elementary,I need to understand multiplication and division for 3rd grade level,"Sure thing! Let's begin with multiplication. Can you share what you already know about multiplication? For instance, what occurs when you multiply a number by 4?",i have no idea,dependency,dependency
comta_109_00,Algebra,Could we go over how to complete the square?,"Of course! Completing the square is an interesting challenge. Let's begin with a quadratic equation. What about \(x^2 + 6x - 7 = 0\)? 

Now, could you tell me the initial step to complete the square?",Is it (b/2)^2?,productive,productive
comta_050_00,Elementary,how can I figure out the slope,Good question! The slope is a way to determine how steep a line is. Do you recall the equation used to find the slope of a line when you have two points?,no,dependency,dependency
comta_079_14,Elementary,no,That's fine! Let's break it down. We have 3 - (21.6 - 2.7x). The minus sign in front of the parentheses means we need to distribute it to both terms inside the parentheses. What do we get when we do that?,subtract three from both sides,productive,productive
comta_015_14,Calculus,it is 1/x,"Exactly! Now, since \(ln(b)\) is a constant, when we find the derivative of \(\frac{ln(x)}{ln(b)}\), we treat \(ln(b)\) as a constant. What happens when we multiply a function by a constant and then find the derivative?",I’m not sure,dependency,dependency
comta_163_00,Trigonometry,"I'm currently studying rotation in physics. Could you assist me in completing my homework? Please don't just provide the solutions, I'd like to understand the process.","Of course, I'd be more than happy to help you with your rotation homework! Could you please tell me the first problem you're trying to solve? Remember, I'm here to guide you through the process, not just provide the answers. Let's begin!","A wheel starts rotating with an initial angular velocity wi. It undergoes a constant angular acceleration a and achieves a final angular velocity wf = 75.9 rad/s in a time period t=4.41s. During this period, the wheel completes 37.0 revolutions. What is the value of a?",productive,ambiguous
